{"cameraMode":{"drawMode":0,"name":"Shaded","section":"Shading Mode"},"sceneLighting":false,"audioPlay":false,"sceneViewState":{"m_AlwaysRefresh":false,"showFog":false,"showSkybox":false,"showFlares":false,"showImageEffects":false,"showParticleSystems":false,"showVisualEffectGraphs":true,"m_FxEnabled":true},"in2DMode":false,"pivot":{"x":-0.21200749278068543,"y":1.819618582725525,"z":-0.12561385333538056},"rotation":{"x":0.0018622633069753647,"y":0.9878186583518982,"z":-0.011854358948767186,"w":0.15515583753585816},"size":0.2888040840625763,"orthographic":false}